,City,Cloudiness,Country,Date,Lat,Lng,Temp,Windspeed,Humidity,Max_temp
0,Mataura,55,NZ,1586988180,-46.19,168.86,51.01,14.0,76,51.01
1,Arraial do Cabo,40,BR,1586988180,-22.97,-42.03,77.0,3.36,83,77.0
2,Maniwaki,100,CA,1586988164,46.38,-75.97,37.08,7.83,64,37.08
3,Payson,90,US,1586988005,40.04,-111.73,50.74,5.82,24,57.2
4,Isangel,20,VU,1586988180,-19.55,169.27,80.6,7.83,83,80.6
5,Puerto Ayora,40,EC,1586988044,-0.74,-90.35,84.76,17.22,66,86.0
6,Khatanga,0,RU,1586988105,71.97,102.5,-9.6,6.35,89,-9.6
7,Palmer,20,US,1586988181,42.16,-72.33,46.27,11.41,26,50.0
8,Narsaq,100,GL,1586988181,60.92,-46.05,37.4,2.24,74,37.4
9,Vila Velha,99,BR,1586988181,-20.33,-40.29,80.29,12.75,83,80.6
10,Ha Giang,94,VN,1586988236,22.83,104.98,70.52,1.7,80,70.52
11,Busselton,76,AU,1586988037,-33.65,115.33,55.0,6.22,96,55.0
12,Belaya Kholunitsa,100,RU,1586988236,58.84,50.85,45.41,13.11,75,45.41
13,Punta Arenas,91,CL,1586988038,-53.15,-70.92,50.0,3.36,76,50.0
14,Bambous Virieux,40,MU,1586988087,-20.34,57.76,77.0,12.75,78,77.0
15,Albany,40,US,1586988035,42.6,-73.97,43.7,9.17,31,46.99
16,Qaanaaq,73,GL,1586988013,77.48,-69.36,10.35,2.35,90,10.35
17,Dikson,62,RU,1586988000,73.51,80.55,4.42,5.41,82,4.42
18,Honningsvåg,40,NO,1586988421,70.98,25.97,35.33,18.34,74,35.6
19,Thompson,40,CA,1586988036,55.74,-97.86,24.8,16.11,41,24.8
20,Sibolga,100,ID,1586988421,1.74,98.78,76.86,3.04,83,76.86
21,Palafrugell,75,ES,1586988421,41.92,3.16,57.7,3.36,93,60.01
22,Jamestown,90,US,1586988036,42.1,-79.24,32.41,10.29,92,39.99
23,Loandjili,100,CG,1586988436,-4.76,11.86,81.39,7.38,89,81.39
24,Zhezkazgan,0,KZ,1586988436,47.8,67.71,44.28,4.32,47,44.28
25,Nikolskoye,40,RU,1586988436,59.7,30.79,29.48,4.47,86,30.0
26,Coahuayana Viejo,40,MX,1586988436,18.73,-103.68,89.6,5.82,24,89.6
27,Yangi Marg`ilon,47,UZ,1586988740,40.43,71.72,48.2,2.24,87,48.2
28,Ostrogozhsk,100,RU,1586988759,50.87,39.08,37.72,10.67,73,37.72
29,Klaksvík,55,FO,1586988759,62.23,-6.59,41.0,14.99,65,41.0
30,Port Alfred,3,ZA,1586988759,-33.59,26.89,60.01,3.0,92,60.01
31,Xiaolingwei,46,CN,1586988759,32.03,118.85,59.07,4.47,87,61.0
32,Mahalapye,0,BW,1586988760,-23.1,26.81,68.09,6.15,16,68.09
33,Kapoeta,100,SS,1586988760,4.77,33.59,79.81,2.15,51,79.81
35,General Pico,39,AR,1586989003,-35.66,-63.76,68.11,5.77,39,68.11
36,Cape Town,40,ZA,1586988773,-33.93,18.42,57.72,3.36,82,60.01
37,Coquimbo,75,CL,1586989066,-29.95,-71.34,62.6,9.17,67,62.6
38,Castro,0,BR,1586989066,-24.79,-50.01,55.24,0.51,41,55.24
39,Ponta do Sol,40,PT,1586989066,32.67,-17.1,59.79,5.82,72,60.8
40,Moose Factory,1,CA,1586989067,51.26,-80.61,26.6,16.11,35,26.6
41,Rikitea,99,PF,1586989067,-23.12,-134.97,76.35,4.61,72,76.35
42,Hithadhoo,88,MV,1586989067,-0.6,73.08,84.36,10.67,73,84.36
43,Chu,93,KZ,1586989067,43.6,73.76,44.31,6.46,50,44.31
44,Sakassou,78,CI,1586988964,7.45,-5.29,80.47,5.84,72,80.47
45,Atar,0,MR,1586989067,20.52,-13.05,78.55,6.71,16,78.55
46,Derzhavīnsk,85,KZ,1586989076,51.1,66.32,46.11,13.91,57,46.11
47,Belaya Gora,100,RU,1586989076,68.53,146.42,-2.96,13.44,91,-2.96
48,Comodoro Rivadavia,40,AR,1586989077,-45.87,-67.5,68.0,5.82,56,68.0
49,Faya,20,SA,1586989077,18.39,42.45,59.9,5.82,87,60.8
50,Bengkulu,86,ID,1586989192,-3.8,102.27,77.95,3.69,81,77.95
51,Bethel,1,US,1586989192,41.37,-73.41,48.96,10.29,24,53.01
52,Vanavara,85,RU,1586989193,60.34,102.28,34.66,1.59,80,34.66
53,Ko Samui,97,TH,1586989193,9.54,99.94,83.98,4.23,68,83.98
54,Bredasdorp,100,ZA,1586989193,-34.53,20.04,57.2,2.24,87,57.2
55,Port Blair,85,IN,1586989193,11.67,92.75,82.71,1.39,74,82.71
56,Río Gallegos,93,AR,1586989193,-51.62,-69.22,59.0,3.36,58,59.0
57,Barrow,90,US,1586989193,71.29,-156.79,21.2,17.22,85,21.2
58,Kirakira,100,SB,1586989194,-10.45,161.92,83.62,6.24,76,83.62
59,Henties Bay,0,NA,1586989194,-22.12,14.28,57.99,3.0,91,57.99
60,Udachny,17,RU,1586989268,66.42,112.4,5.0,6.71,71,5.0
61,Haines Junction,97,CA,1586989268,60.75,-137.51,43.3,6.51,66,43.3
62,Hambantota,40,LK,1586989268,6.12,81.12,80.96,5.08,77,80.96
63,Aranos,0,NA,1586989268,-24.13,19.12,65.97,9.6,15,65.97
64,Tutóia,20,BR,1586989268,-2.76,-42.27,82.4,4.7,83,82.4
65,Lompoc,1,US,1586990025,34.64,-120.46,71.62,13.87,63,78.01
66,Pahrump,1,US,1586990025,36.21,-115.98,74.1,10.29,11,78.01
67,Zhuanghe,92,CN,1586990025,39.7,122.99,51.01,3.0,86,51.01
68,Dzerzhinskoye,86,RU,1586990025,56.83,95.23,46.08,7.7,80,46.08
69,Trelew,95,AR,1586990025,-43.25,-65.31,63.79,9.6,50,63.79
70,Esim,96,GH,1586989927,4.87,-2.24,81.73,5.88,84,81.73
71,Norman Wells,75,CA,1586989744,65.28,-126.83,42.8,9.17,48,42.8
72,Orşova,5,RO,1586990026,44.73,22.4,39.07,5.17,68,39.07
73,Atuona,54,PF,1586990026,-9.8,-139.03,82.49,11.59,75,82.49
74,Namatanai,99,PG,1586990026,-3.67,152.43,82.94,3.76,71,82.94
75,Oruzgan,100,AF,1586990137,32.83,66.0,50.16,0.85,36,50.16
76,Rawson,97,AR,1586990137,-43.3,-65.1,64.22,13.35,55,64.22
77,Virginia Beach,20,US,1586989567,36.85,-75.98,51.04,6.93,49,54.0
78,Airai,100,TL,1586990137,-8.93,125.41,62.73,1.86,76,62.73
79,Kenai,90,US,1586990137,60.55,-151.26,41.65,5.82,86,44.01
80,Drochia,91,MD,1586990137,48.03,27.82,44.13,10.45,73,44.13
81,Vikulovo,33,RU,1586990137,56.82,70.61,33.06,6.22,90,33.06
82,Quatre Cocos,40,MU,1586990138,-20.21,57.76,77.0,12.75,83,77.0
83,Husavik,75,IS,1586990459,66.04,-17.34,33.8,9.17,74,33.8
84,Marabu,75,MY,1586990459,4.41,114.01,75.11,4.36,100,75.2
85,Iquitos,20,PE,1586990459,-3.75,-73.25,42.8,6.93,100,42.8
86,Provideniya,90,RU,1586990460,64.38,-173.3,30.2,13.42,80,30.2
87,Maningrida,93,AU,1586990460,-12.07,134.27,80.67,10.07,78,80.67
88,Glamsbjerg,12,DK,1586990460,55.27,10.1,44.1,12.75,75,46.4
89,La Ronge,75,CA,1586990460,55.1,-105.28,33.8,17.22,47,33.8
90,Kaitangata,44,NZ,1586990460,-46.28,169.85,54.0,15.99,62,54.0
91,Guilin,75,CN,1586990460,25.28,110.29,68.0,4.47,88,68.0
92,Aklavik,75,CA,1586990461,68.22,-135.01,41.4,5.82,60,42.8
93,Severo-Kuril'sk,100,RU,1586990590,50.68,156.12,32.85,14.7,92,32.85
94,Leh,27,IN,1586990590,34.17,77.58,31.1,5.55,20,31.1
95,Tuktoyaktuk,75,CA,1586990590,69.45,-133.04,30.2,2.24,80,30.2
96,Poconé,59,BR,1586990590,-16.26,-56.62,72.68,6.67,61,72.68
97,Necochea,0,AR,1586990590,-38.55,-58.74,54.45,1.99,78,55.99
98,Lebu,98,CL,1586990590,-37.62,-73.65,55.44,7.49,81,55.44
99,Sri Aman,82,MY,1586990590,1.24,111.46,77.0,0.98,100,77.0
100,Sokoni,96,TZ,1586990590,-6.43,39.55,83.01,17.05,79,83.01
101,Svetlaya,0,RU,1586990591,46.54,138.33,39.42,2.13,71,39.42
102,Samarai,95,PG,1586990591,-10.62,150.67,83.82,7.92,75,83.82
103,Pangai,75,TO,1586990782,-19.8,-174.35,82.4,9.17,78,82.4
104,St. George's,20,GD,1586990799,12.06,-61.75,82.4,12.75,74,82.4
105,New Norfolk,40,AU,1586990873,-42.78,147.06,57.61,11.41,72,60.8
106,Kruisfontein,96,ZA,1586990884,-34.0,24.73,57.83,6.04,80,57.83
107,San Miguel de Cozumel,40,MX,1586991170,20.51,-86.95,88.52,8.05,55,89.6
108,Lashio,2,MM,1586991170,22.93,97.75,68.02,0.56,36,68.02
109,Bonavista,100,CA,1586991170,48.65,-53.11,34.0,1.01,86,34.0
110,Morrovalle,0,IT,1586991171,43.32,13.59,41.7,3.36,64,44.01
111,Iqaluit,90,CA,1586990885,63.75,-68.51,24.4,23.04,62,24.8
112,Mount Gambier,90,AU,1586990929,-37.83,140.77,57.2,4.7,93,57.2
113,Hailar,56,CN,1586991171,49.2,119.7,46.71,7.02,37,46.71
114,Tiksi,100,RU,1586991171,71.69,128.87,-3.53,9.84,91,-3.53
115,Erenhot,69,CN,1586991171,43.65,111.98,41.27,15.5,41,41.27
116,Ukiah,1,US,1586990924,39.15,-123.21,71.02,9.17,28,80.6
117,Lexington,90,US,1586991013,37.99,-84.48,52.07,16.11,34,54.0
118,Moshenskoye,2,RU,1586991251,58.51,34.59,30.58,6.33,95,30.58
119,Ilulissat,100,GL,1586990731,69.22,-51.1,28.4,3.36,58,28.4
120,Nome,90,US,1586991251,64.5,-165.41,35.8,3.36,93,36.0
121,Şile,90,TR,1586991251,41.18,29.61,46.98,8.05,93,50.0
122,Nabire,100,ID,1586990892,-3.37,135.48,77.79,2.57,85,77.79
123,Vao,64,NC,1586990898,-22.67,167.48,74.57,15.95,74,74.57
124,Borazjan,99,IR,1586991363,29.27,51.22,65.79,4.85,58,65.79
125,Kavieng,100,PG,1586991363,-2.57,150.8,82.99,3.53,69,82.99
126,Ulagan,69,RU,1586991363,50.63,87.96,33.87,5.68,52,33.87
127,Clyde River,75,CA,1586991363,70.47,-68.59,6.8,19.46,84,6.8
128,Faanui,50,PF,1586991364,-16.48,-151.75,83.52,8.77,66,83.52
129,Ostrovnoy,100,RU,1586991364,68.05,39.51,34.38,5.66,95,34.38
130,Hobyo,53,SO,1586991364,5.35,48.53,83.61,9.91,78,83.61
131,Hermanus,30,ZA,1586991364,-34.42,19.23,60.01,1.99,75,60.01
132,Longyearbyen,40,SJ,1586990869,78.22,15.64,33.8,27.51,74,33.8
133,Nelson Bay,77,AU,1586991364,-32.72,152.15,71.06,20.8,72,75.0
134,Marsá Maţrūḩ,23,EG,1586991562,31.35,27.25,62.6,5.82,42,62.6
135,Makkah al Mukarramah,0,SA,1586991563,21.43,39.83,63.25,4.05,55,63.25
136,Leningradskiy,100,RU,1586991563,69.38,178.42,19.11,2.95,95,19.11
137,Rancho Palos Verdes,5,US,1586991340,33.74,-118.39,76.68,12.75,29,82.4
138,Pisco,0,PE,1586991810,-13.7,-76.22,71.78,17.22,30,72.0
139,Stykkisholmur,62,IS,1586991811,65.08,-22.73,33.37,4.45,91,33.37
140,Am Timan,3,TD,1586991811,11.03,20.28,79.52,4.5,14,79.52
141,Malakwal,67,PK,1586991811,32.55,73.21,72.45,5.03,50,72.45
142,Nhulunbuy,93,AU,1586991811,-12.23,136.77,80.6,4.7,83,80.6
143,Bairiki Village,75,KI,1586991811,1.33,172.98,86.0,11.41,79,86.0
144,Hasaki,75,JP,1586991811,35.73,140.83,51.31,18.34,71,52.0
145,East London,20,ZA,1586991811,-33.02,27.91,63.73,10.67,76,63.73
146,Ganzhou,0,CN,1586991812,28.82,115.43,68.22,5.06,63,68.22
147,Tezu,20,IN,1586991812,27.92,96.17,74.82,2.86,38,74.82
148,Miran Shah,99,PK,1586991817,33.01,70.07,64.49,8.93,24,64.49
149,Nkhata Bay,25,MW,1586991817,-11.61,34.29,75.4,1.77,66,75.4
150,Nipawin,1,CA,1586991817,53.37,-104.0,33.8,10.29,31,33.8
151,Saint-Philippe,40,RE,1586991817,-21.36,55.77,66.27,6.93,73,75.2
152,Hearst,100,CA,1586991817,49.68,-83.67,23.45,4.94,95,23.45
153,Kyrksæterøra,75,NO,1586991818,63.29,9.09,36.18,28.86,86,37.4
154,Mattru,92,SL,1586991818,7.62,-11.83,78.64,1.63,88,78.64
155,Port Elizabeth,82,ZA,1586991626,-33.92,25.57,55.4,2.24,93,55.4
156,Margate,31,GB,1586991818,51.38,1.39,46.24,12.75,93,50.0
157,Øksfjord,89,NO,1586991818,70.24,22.35,35.31,20.8,74,35.6
158,Āsbe Teferī,75,ET,1586991950,9.08,40.87,61.68,0.76,52,61.68
159,Baraúna,44,BR,1586991950,-5.08,-37.62,75.29,3.8,88,75.29
160,Tiarei,15,PF,1586991950,-17.53,-149.33,89.6,9.17,66,89.6
161,Vestmannaeyjar,82,IS,1586991950,63.44,-20.27,39.29,11.05,74,39.29
162,Wanaka,32,NZ,1586991950,-44.7,169.15,52.16,6.24,51,52.16
163,Neiafu,75,TO,1586991951,-18.65,-173.98,80.6,8.05,88,80.6
164,Cayenne,0,GF,1586991951,4.93,-52.33,78.8,5.68,78,78.8
165,Hatton,81,LK,1586991951,6.89,80.6,61.79,2.08,74,61.79
166,Puerto Carreño,20,CO,1586991951,6.19,-67.49,96.8,9.17,30,96.8
167,Tilichiki,26,RU,1586991951,60.47,166.1,21.74,5.57,95,21.74
168,Vardø,99,NO,1586991901,70.37,31.11,34.7,13.29,87,34.7
169,Inverness,86,GB,1586992062,57.48,-4.22,49.91,6.93,87,52.0
170,Porto-Novo,12,BJ,1586991786,6.5,2.6,82.92,8.99,80,82.92
171,Thanh Hoa,100,VN,1586992062,19.8,105.77,73.08,1.97,88,73.08
172,Araouane,13,ML,1586992062,18.9,-3.53,72.55,2.89,55,72.55
173,Salekhard,100,RU,1586992062,66.53,66.6,17.08,13.91,94,17.08
174,Mon,86,IN,1586992062,26.75,95.1,68.68,1.41,59,68.68
175,Yumen,88,CN,1586991917,40.28,97.2,51.12,17.45,24,51.12
176,George Town,40,MY,1586991910,5.41,100.34,78.4,2.24,94,78.8
177,Vaitape,52,PF,1586992063,-16.52,-151.75,84.36,8.84,66,84.36
178,Yerbogachën,100,RU,1586992066,61.28,108.01,34.05,7.7,82,34.05
179,Cidreira,59,BR,1586992066,-30.18,-50.21,66.99,20.49,56,66.99
180,Hokitika,67,NZ,1586992067,-42.72,170.97,55.45,10.94,72,55.45
181,Ketchikan,1,US,1586992067,55.34,-131.65,50.38,20.8,76,51.8
182,Hegang,0,CN,1586992067,47.4,130.37,49.53,6.91,41,49.53
183,Katsuura,75,JP,1586991974,35.13,140.3,53.13,16.11,81,55.99
184,Kerema,94,PG,1586992067,-7.96,145.78,81.61,8.72,78,81.61
185,Kamaishi,20,JP,1586992067,39.27,141.88,44.6,16.11,59,44.6
186,Rocha,73,UY,1586992067,-34.48,-54.33,61.05,16.06,80,61.05
187,Tondano,20,ID,1586992067,1.3,124.91,73.4,1.12,94,73.4
188,Praia da Vitória,40,PT,1586992166,38.73,-27.07,55.4,18.81,82,55.4
189,Umm Kaddadah,0,SD,1586992166,13.6,26.69,67.66,13.42,15,67.66
190,Kununurra,100,AU,1586992028,-15.77,128.73,73.4,3.22,83,73.4
191,Zhangye,80,CN,1586992167,38.93,100.45,52.97,3.15,23,52.97
192,Jiaojiang,1,CN,1586991906,28.68,121.44,56.52,5.97,63,59.0
193,Avarua,85,CK,1586992167,-21.21,-159.78,80.6,10.29,65,80.6
194,Katobu,99,ID,1586992167,-4.94,122.53,75.85,3.58,92,75.85
195,Lagoa,3,PT,1586991945,39.05,-27.98,56.44,20.54,70,56.44
196,Garissa,59,KE,1586991963,-0.45,39.64,80.83,11.52,71,80.83
197,Santa Maria,0,BR,1586992200,-29.68,-53.81,53.94,4.25,54,53.94
198,Esperance,90,AU,1586991917,-33.87,121.9,57.2,6.93,87,57.2
199,Butaritari,93,KI,1586991920,3.07,172.79,83.34,17.83,79,83.34
200,Tsimmerbude,23,RU,1586992200,54.67,20.13,46.4,24.61,75,46.4
201,Soyo,100,AO,1586992200,-6.13,12.37,80.42,8.66,85,80.42
202,Abu Kamal,50,SY,1586992144,34.45,40.92,68.58,5.82,25,68.58
203,Vostok,0,RU,1586991956,46.49,135.88,43.18,4.0,42,43.18
204,Te Anau,44,NZ,1586992315,-45.42,167.72,52.36,8.41,57,52.36
205,Lavrentiya,37,RU,1586992315,65.58,-171.0,29.86,5.06,94,29.86
206,Malinovskiy,25,RU,1586992316,61.2,62.84,33.87,8.32,88,33.87
207,Yeppoon,15,AU,1586992316,-23.13,150.73,73.4,10.29,69,73.4
208,Osečina,0,RS,1586992316,44.37,19.6,32.59,1.12,79,39.0
209,Razdolinsk,52,RU,1586992316,58.42,94.67,38.19,2.01,72,38.19
210,Goderich,20,CA,1586992316,43.75,-81.72,32.83,7.05,58,34.0
211,Olafsvik,58,IS,1586992316,64.89,-23.71,35.6,8.68,81,35.6
212,Codrington,29,AU,1586992355,-38.27,141.97,60.57,18.37,75,60.57
213,Acapulco de Juárez,75,MX,1586992087,16.86,-99.89,82.4,8.05,74,82.4
214,Pushkinskiye Gory,72,RU,1586992355,57.02,28.91,30.49,5.75,96,30.49
215,Mindelo,40,CV,1586992355,16.89,-24.98,71.6,19.46,60,71.6
216,Boa Vista,40,BR,1586992519,2.82,-60.67,87.8,6.93,45,87.8
217,Skibbereen,20,IE,1586991940,51.55,-9.27,44.6,9.17,65,44.6
218,Leer,4,SS,1586992519,8.3,30.14,81.7,3.0,15,81.7
219,Malbork,18,PL,1586992519,54.04,19.03,43.27,20.8,70,45.0
220,Lilburn,1,US,1586992486,33.89,-84.14,58.91,14.99,24,63.0
221,Manicoré,42,BR,1586992519,-5.81,-61.3,82.4,3.36,78,82.4
222,Salym,83,RU,1586992520,60.06,71.48,32.13,5.66,95,32.13
223,San Patricio,5,MX,1586992395,19.22,-104.7,80.6,11.41,78,80.6
224,Kaeo,14,NZ,1586992520,-35.1,173.78,68.0,8.99,67,68.0
225,Port Hedland,98,AU,1586992520,-20.32,118.57,77.0,5.82,94,77.0
226,Port Hardy,20,CA,1586992515,50.7,-127.42,55.4,5.82,71,55.4
227,Acajutla,20,SV,1586992472,13.59,-89.83,77.0,5.99,88,77.0
228,Yulara,59,AU,1586992687,-25.24,130.99,66.2,9.17,25,66.2
229,Jacareacanga,100,BR,1586992624,-6.22,-57.75,71.42,2.01,95,71.42
230,Deputatsky,100,RU,1586992688,69.3,139.9,-3.35,8.61,85,-3.35
231,Douentza,45,ML,1586992816,15.0,-2.95,75.87,9.22,51,75.87
232,Berlevåg,15,NO,1586992816,70.86,29.09,32.85,15.99,91,32.85
233,Berlevåg,15,NO,1586992823,70.86,29.09,32.85,15.99,91,32.85
234,Borgarnes,75,IS,1586992804,64.54,-21.92,35.37,9.17,64,39.2
235,Saint George,1,US,1586992890,37.1,-113.58,67.46,17.22,13,71.6
236,Andenes,100,NO,1586992891,69.31,16.12,27.7,11.41,92,28.4
237,Cherskiy,89,RU,1586992828,68.75,161.3,7.99,4.23,92,7.99
238,Quesnel,40,CA,1586992864,53.0,-122.5,55.4,9.17,28,55.4
239,Zhumadian,64,CN,1586993065,32.98,114.03,66.88,6.15,67,66.88
240,Bara,0,NG,1586993066,10.37,10.73,84.87,5.66,12,84.87
241,Zhangjiakou,6,CN,1586993066,40.81,114.88,46.49,12.97,38,46.49
242,Tuatapere,54,NZ,1586993066,-46.13,167.68,52.0,15.01,72,52.0
243,Lata,20,PT,1586993066,40.16,-8.33,54.19,9.17,82,57.2
244,Souillac,40,MU,1586992828,-20.52,57.52,77.0,16.11,83,77.0
245,Mangan,93,IN,1586993066,27.52,88.53,65.34,3.62,33,65.34
246,Lakatoro,90,VU,1586993066,-16.1,167.42,78.8,3.36,88,78.8
247,Hualmay,7,PE,1586993066,-11.1,-77.61,73.04,6.31,73,73.04
248,Inndyr,75,NO,1586992925,67.03,14.03,34.66,13.87,74,36.0
249,Chimoio,75,MZ,1586993162,-19.12,33.48,68.0,0.49,100,68.0
250,Pevek,100,RU,1586993117,69.7,170.31,10.85,2.39,93,10.85
251,Chatham,12,GB,1586992947,51.38,0.53,44.01,2.24,93,51.01
252,Progreso,75,MX,1586993163,21.28,-89.67,89.19,11.41,49,91.4
253,College,75,US,1586993163,64.86,-147.8,51.98,3.36,45,55.4
254,Bokoro,0,TD,1586993163,12.38,17.06,80.33,11.03,13,80.33
255,Gravelbourg,100,CA,1586993163,49.88,-106.55,33.46,13.78,57,33.46
256,Hervey Bay,15,AU,1586993163,-25.3,152.85,76.84,6.93,64,77.0
257,Upernavik,61,GL,1586993163,72.79,-56.15,15.64,7.18,89,15.64
258,Sabang,54,ID,1586993167,5.89,95.32,82.44,1.59,75,82.44
259,Sydney,96,AU,1586993160,-33.87,151.21,71.17,5.82,56,75.0
260,Lorengau,79,PG,1586993105,-2.02,147.27,84.54,1.72,68,84.54
261,Nanortalik,100,GL,1586993149,60.14,-45.24,35.47,13.31,94,35.47
262,Bongandanga,50,CD,1586993147,1.5,21.05,76.73,1.7,66,76.73
263,Saldanha,25,ZA,1586993098,-33.01,17.94,59.0,6.93,87,59.0
264,Chokurdakh,100,RU,1586993093,70.63,147.92,-1.77,8.34,91,-1.77
265,Guerrero Negro,0,MX,1586993259,27.98,-114.06,75.31,16.91,28,75.31
266,Lüderitz,0,NA,1586993259,-26.65,15.16,55.4,11.41,82,55.4
267,Angoche,0,MZ,1586993259,-16.23,39.91,77.11,4.23,87,77.11
268,Cockburn Town,0,TC,1586993020,21.46,-71.14,78.62,16.69,82,78.62
269,Miyazu,95,JP,1586993259,35.53,135.18,52.47,8.43,80,52.47
270,Meulaboh,85,ID,1586993259,4.14,96.13,79.25,4.05,83,79.25
271,Tirumullaivāsal,28,IN,1586993259,11.23,79.83,81.0,3.24,80,81.0
272,Nieves,40,PH,1586993260,15.33,120.95,78.8,4.7,88,78.8
273,Dombarovskiy,80,RU,1586993260,50.76,59.54,42.93,13.98,57,42.93
274,Auki,99,SB,1586993260,-8.77,160.7,85.46,4.9,67,85.46
275,Ahipara,29,NZ,1586993103,-35.17,173.17,64.63,18.9,77,64.63
276,Dosso,11,NE,1586993264,13.05,3.19,81.64,1.61,14,81.64
277,Paamiut,100,GL,1586993264,61.99,-49.67,31.69,11.74,95,31.69
278,Rio Grande,83,BR,1586993207,-32.03,-52.1,64.99,5.01,72,64.99
279,Laas,5,IT,1586993121,46.62,10.7,38.25,4.23,69,43.0
280,Mar del Plata,0,AR,1586992962,-38.0,-57.56,57.47,4.7,76,59.0
281,São João da Barra,98,BR,1586993264,-21.64,-41.05,76.96,5.75,89,76.96
282,Rantepao,100,ID,1586993174,-2.97,119.9,69.98,1.57,73,69.98
283,Constitución,99,CL,1586992823,-35.33,-72.42,55.11,3.44,74,55.11
284,Kichmengskiy Gorodok,100,RU,1586993265,59.98,45.79,37.78,12.39,91,37.78
285,Benjamin Constant,95,BR,1586993445,-4.38,-70.03,83.3,8.05,74,84.2
286,Brumunddal,6,NO,1586993445,60.88,10.94,35.64,3.0,85,45.0
287,Nova Era,100,BR,1586993446,-19.75,-43.04,67.77,2.37,77,67.77
288,Yokadouma,44,CM,1586993446,3.52,15.05,76.05,0.81,63,76.05
289,Glenwood Springs,90,US,1586993446,39.55,-107.32,44.87,10.29,50,55.4
290,Nishihara,20,JP,1586993446,26.18,127.76,67.57,9.17,64,69.8
291,Saint Paul Harbor,90,US,1586993446,57.79,-152.41,51.8,6.6,71,51.8
292,Naryan-Mar,100,RU,1586993446,67.67,53.09,30.92,11.97,97,30.92
293,Keti Bandar,18,PK,1586993447,24.14,67.45,78.33,10.76,77,78.33
294,Kasongo-Lunda,100,CD,1586993447,-6.47,16.82,74.97,0.76,71,74.97
295,Saint Anthony,75,US,1586993451,45.02,-93.22,33.76,5.82,37,36.0
296,Yelizovo,100,RU,1586993451,53.19,158.38,37.4,2.24,51,37.4
297,Natá,79,PA,1586993452,8.33,-80.52,80.22,5.44,75,80.22
298,Yerofey Pavlovich,0,RU,1586993452,53.97,121.97,44.15,1.12,48,44.15
299,Edéa,75,CM,1586993452,3.8,10.13,78.8,3.36,88,78.8
300,Russellville,1,US,1586993452,35.28,-93.13,61.3,4.7,54,63.0
301,Massena,90,US,1586993320,44.93,-74.89,32.5,8.05,69,33.8
302,Avera,75,US,1586993453,33.19,-82.53,64.89,5.82,45,69.01
303,Babylon,20,US,1586993453,40.7,-73.33,48.81,5.82,20,52.0
304,Dordrecht,58,NL,1586993453,51.81,4.67,47.62,3.36,81,51.01
305,Karema,64,TZ,1586993671,-6.82,30.44,72.1,5.84,68,72.1
306,Portel,75,BR,1586993961,-1.94,-50.82,72.46,1.63,91,72.46
307,Teruel,90,ES,1586993961,40.67,-0.67,48.02,8.05,100,51.8
308,Antibes,0,FR,1586993943,43.56,7.13,50.11,5.82,71,55.99
309,New Richmond,40,US,1586993973,45.12,-92.54,33.44,11.41,79,36.0
310,Kidal,100,ML,1586993973,18.44,1.41,85.75,11.05,18,85.75
311,Caucaia,40,BR,1586993973,-3.74,-38.65,78.73,4.7,78,80.6
312,Dingle,88,PH,1586993973,11.0,122.67,82.98,7.78,71,82.98
313,Waingapu,99,ID,1586993973,-9.66,120.26,81.93,9.75,80,81.93
314,Wittlich,1,DE,1586993974,49.98,6.88,44.11,4.7,45,50.0
315,Chara,0,RU,1586993974,56.91,118.26,32.76,1.34,62,32.76
316,Kohima,99,IN,1586993974,25.67,94.12,59.09,1.79,56,59.09
317,Chern',100,RU,1586994070,53.45,36.91,35.98,15.23,83,35.98
318,Pangody,0,RU,1586994070,65.85,74.49,12.22,11.03,90,12.22
319,Sangar,0,RU,1586994070,63.92,127.47,13.73,4.5,86,13.73
320,Roald,58,NO,1586994070,62.58,6.13,36.46,9.17,68,39.99
321,Vavuniya,51,LK,1586994071,8.75,80.5,74.75,4.07,91,74.75
322,Koslan,86,RU,1586994071,63.46,48.9,33.84,15.05,86,33.84
323,Sitka,75,US,1586994071,57.05,-135.33,46.4,6.93,87,46.4
324,Sanary-sur-Mer,29,FR,1586994071,43.12,5.8,53.1,4.7,62,59.0
325,Takoradze,99,GH,1586993822,4.88,-1.76,82.08,4.74,83,82.08
326,Ondjiva,2,AO,1586994071,-17.07,15.73,70.56,3.76,41,70.56
327,Bitung,20,ID,1586994074,1.45,125.18,80.6,4.25,78,80.6
328,Slavsk,50,RU,1586994074,55.04,21.68,45.36,19.69,81,45.36
329,Aitape,60,PG,1586994074,-3.14,142.35,84.78,3.53,70,84.78
330,Quzhou,1,CN,1586994074,28.96,118.87,63.64,2.28,61,63.64
331,Akhtubinsk,100,RU,1586994074,48.28,46.17,41.27,8.63,69,41.27
332,Gamba,98,GA,1586994263,-2.65,10.0,81.34,10.16,88,81.34
333,Road Town,1,VG,1586994271,18.42,-64.62,79.79,5.82,65,80.6
334,Asilah,29,MA,1586994271,35.47,-6.03,58.24,5.82,87,60.8
336,Aykhal,23,RU,1586994455,66.0,111.5,6.8,6.71,71,6.8
337,Ancud,90,CL,1586994455,-41.87,-73.82,51.8,16.11,100,51.8
338,Saskylakh,99,RU,1586994455,71.92,114.08,-2.7,6.55,91,-2.7
339,Khovd,88,MN,1586994456,48.01,91.64,44.1,1.41,36,44.1
340,Laguna,1,US,1586994198,38.42,-121.42,76.51,3.36,27,84.0
341,Lumphat,89,KH,1586994456,13.49,106.98,76.87,5.1,68,76.87
342,Chui,65,UY,1586994456,-33.7,-53.46,62.06,19.55,77,62.06
343,Darhan,84,MN,1586994201,49.49,105.92,41.92,3.78,56,41.92
344,Bartow,20,US,1586994456,27.9,-81.84,76.14,11.41,78,86.0
345,Charyshskoye,47,RU,1586994456,51.4,83.56,35.22,3.56,68,35.22
346,Dublin,1,US,1586994450,37.7,-121.94,74.95,8.05,22,86.0
347,Evensk,45,RU,1586994459,61.95,159.23,21.58,6.24,88,21.58
348,Trairi,94,BR,1586994459,-3.28,-39.27,79.2,4.54,81,79.2
349,Quelimane,3,MZ,1586994459,-17.88,36.89,75.9,4.41,95,75.9
350,Carnarvon,40,AU,1586994570,-24.87,113.63,73.4,13.87,56,73.4
351,Srandakan,46,ID,1586994570,-7.94,110.25,80.47,3.24,78,80.47
352,Biharamulo,84,TZ,1586994570,-2.63,31.31,61.75,1.66,64,61.75
353,Ngunguru,18,NZ,1586994570,-35.62,174.5,67.23,5.01,69,68.0
354,Iracoubo,4,GF,1586994570,5.48,-53.2,78.1,8.12,78,78.1
355,Tessalit,100,ML,1586994570,20.2,1.01,83.61,11.86,19,83.61
356,Fort Nelson,20,CA,1586994570,58.81,-122.7,53.6,4.7,34,53.6
357,Koumac,1,NC,1586994571,-20.57,164.28,81.46,6.13,66,81.46
358,Sergeevka,77,KZ,1586994571,53.88,67.42,42.4,10.49,71,42.4
359,Mount Isa,5,AU,1586994571,-20.73,139.5,82.4,10.29,32,82.4
360,Arrondissement de Tarbes,71,FR,1586994575,43.25,0.17,55.38,2.24,76,57.99
361,Edremit,85,TR,1586994575,39.6,27.02,45.79,12.17,68,45.79
362,Storslett,99,NO,1586994575,69.77,21.02,30.42,6.8,91,30.42
363,Kildinstroy,100,RU,1586994575,68.8,33.1,28.4,2.24,79,28.4
364,Pervomayskoye,97,RU,1586994575,43.92,46.71,53.96,12.28,74,53.96
365,Krasnyy Yar,100,RU,1586994575,46.53,48.35,48.09,4.47,81,48.2
366,Copiapó,100,CL,1586994426,-27.37,-70.33,64.4,4.7,63,64.4
367,Alofi,40,NU,1586994320,-19.06,-169.92,84.2,8.05,70,84.2
368,Kaya,23,BF,1586994576,13.09,-1.08,84.43,20.04,32,84.43
369,Mossamedes,37,AO,1586994576,-15.2,12.15,75.25,5.84,68,75.25
370,Galle,87,LK,1586994427,6.04,80.22,78.98,5.7,83,78.98
371,Lookan,31,PH,1586994691,5.04,120.1,82.18,3.56,73,82.18
372,Emerald,0,AU,1586994691,-23.53,148.17,75.54,10.29,64,75.99
373,Ambon City,20,ID,1586994691,-3.7,128.18,84.2,2.24,74,84.2
374,Biltine,0,TD,1586994691,14.53,20.92,74.86,14.83,12,74.86
375,Steinbach am Taunus,32,DE,1586994692,50.17,8.57,45.3,5.82,57,51.01
376,Pelham,1,US,1586994536,33.29,-86.81,58.41,8.05,25,60.8
377,Tiznit Province,50,MA,1586994692,29.58,-9.5,60.75,3.15,61,60.75
378,Kelo,10,TD,1586994692,9.31,15.81,87.31,2.55,23,87.31
379,Kiruna,59,SE,1586994692,67.86,20.23,23.0,4.7,85,23.0
380,Tautira,21,PF,1586994692,-17.73,-149.15,89.6,10.29,66,89.6
381,Pochutla,5,MX,1586994666,15.74,-96.47,89.29,11.41,38,89.6
382,Hong Kong,92,HK,1586994529,22.29,114.16,69.58,3.36,77,73.0
383,Huanren,98,CN,1586994708,41.26,125.37,54.73,3.91,38,54.73
384,Russell,1,US,1586994708,32.35,-85.2,61.09,9.17,44,64.4
385,Manhush,91,UA,1586994708,47.06,37.31,42.01,5.01,53,42.01
386,Makakilo City,20,US,1586994527,21.35,-158.09,80.65,11.41,57,82.4
387,Tigil',91,RU,1586994708,57.8,158.67,26.92,5.61,94,26.92
388,Damaturu,0,NG,1586994708,11.75,11.96,81.41,10.16,12,81.41
389,Oudtshoorn,94,ZA,1586994823,-33.59,22.2,59.0,2.24,77,59.0
390,Yicheng,47,CN,1586994823,31.37,119.87,65.43,10.63,78,66.0
391,Caravelas,68,BR,1586994815,-17.71,-39.25,78.28,7.52,85,78.28
392,Dryden,90,CA,1586994642,49.78,-92.75,30.2,10.29,28,30.2
393,Garoowe,31,SO,1586994927,8.41,48.48,77.47,11.34,69,77.47
394,Dafeng,92,CN,1586994928,23.45,108.59,69.96,4.59,79,69.96
395,Naze,40,JP,1586994794,28.37,129.48,66.16,12.75,72,68.0
396,Castel San Giovanni,0,IT,1586994928,45.06,9.43,48.18,1.12,70,54.0
397,Angoram,81,PG,1586994928,-4.06,144.07,87.44,1.57,68,87.44
398,Bandarbeyla,9,SO,1586994929,9.49,50.81,81.43,6.69,76,81.43
399,Halifax,90,CA,1586994881,44.65,-63.57,37.13,4.7,93,37.99
400,Pangnirtung,100,CA,1586994929,66.15,-65.71,17.92,7.25,90,17.92
401,São José do Belmonte,82,BR,1586994929,-7.86,-38.76,71.85,2.64,78,71.85
402,Kresttsy,48,RU,1586994929,58.25,32.52,30.45,3.44,98,30.45
403,Aksu,100,CN,1586994932,41.12,80.26,63.16,4.83,23,63.16
404,Manokwari,58,ID,1586994932,-0.87,134.08,83.62,0.98,65,83.62
407,São José do Belmonte,82,BR,1586995061,-7.86,-38.76,71.85,2.64,78,71.85
408,Kresttsy,48,RU,1586995017,58.25,32.52,30.45,3.44,98,30.45
409,Aksu,100,CN,1586995046,41.12,80.26,63.16,4.83,23,63.16
410,Manokwari,58,ID,1586995061,-0.87,134.08,83.62,0.98,65,83.62
411,Tete,40,MZ,1586995079,-16.16,33.59,80.6,9.17,69,80.6
412,Cabo San Lucas,5,MX,1586995080,22.89,-109.91,75.15,6.93,47,79.0
413,Grindavik,75,IS,1586995080,63.84,-22.43,36.36,4.7,80,39.2
414,Ağdam,52,AZ,1586995080,39.99,46.93,53.26,4.79,44,53.26
415,Pasni,95,PK,1586995080,25.26,63.47,81.43,7.63,54,81.43
416,Bungoma,32,KE,1586995080,0.56,34.56,63.37,3.27,58,63.37
417,Kieta,97,PG,1586995080,-6.22,155.63,86.67,1.48,61,86.67
418,Bemidji,40,US,1586995080,47.47,-94.88,30.13,17.22,36,30.99
419,Nago,20,JP,1586995391,26.59,127.98,68.79,4.7,68,69.8
420,Lingyuan,100,CN,1586995391,41.24,119.4,50.0,8.86,48,50.0
421,Rafrāf,20,TN,1586995391,37.19,10.18,59.9,5.82,82,60.8
422,Ibrā’,91,OM,1586995392,22.69,58.53,77.76,4.99,40,77.76
423,Warangal,0,IN,1586995392,18.0,79.58,76.66,10.07,45,76.66
424,Santa Inês,75,BR,1586995392,-3.67,-45.38,75.02,2.44,92,75.02
425,Kaohsiung City,40,TW,1586994817,22.62,120.31,72.63,4.7,56,75.99
426,Mehamn,17,NO,1586995006,71.04,27.85,29.93,14.07,94,29.93
427,Khāsh,100,IR,1586995392,28.22,61.22,57.31,6.33,49,57.31
428,Palkino,56,RU,1586995392,57.54,28.01,32.0,6.71,95,32.0
429,Talnakh,0,RU,1586995396,69.49,88.4,10.4,8.95,55,10.4
430,Mayo,1,US,1586995396,38.89,-76.51,48.25,9.17,45,51.01
431,Grand Gaube,40,MU,1586995396,-20.01,57.66,76.37,16.11,83,77.0
432,Iralaya,5,HN,1586995396,15.0,-83.23,86.0,13.87,70,86.0
433,San Cristobal,42,VE,1586995396,7.77,-72.22,70.9,1.05,54,70.9
434,Kendari,100,ID,1586995396,-3.94,122.5,74.34,1.1,91,74.34
435,Waipawa,35,NZ,1586995368,-41.41,175.52,62.31,17.22,59,64.4
436,Kahului,40,US,1586995397,20.89,-156.47,76.93,18.34,58,82.4
437,Honiara,90,SB,1586995397,-9.43,159.95,84.2,6.93,79,84.2
438,Riyadh,40,SA,1586995211,24.69,46.72,68.0,5.82,77,68.0
439,Palora,40,EC,1586995539,-1.7,-77.93,77.99,1.77,65,78.8
440,Killam,59,CA,1586995539,52.78,-111.85,29.61,6.17,77,29.61
441,Half Moon Bay,5,US,1586995540,37.46,-122.43,73.72,8.05,38,82.99
442,Xichang,19,CN,1586995540,27.9,102.26,62.56,2.84,33,62.56
443,Beloha,69,MG,1586995540,-25.17,45.05,75.25,6.87,60,75.25
444,Kattivākkam,0,IN,1586995540,13.22,80.32,80.82,2.24,83,81.0
445,Vanimo,43,PG,1586995540,-2.67,141.3,84.25,3.53,72,84.25
446,Prigor,1,RO,1586995540,44.94,22.11,33.06,1.12,92,34.0
447,Penzance,1,GB,1586995438,50.12,-5.54,49.55,24.16,70,52.0
448,Basoko,56,CD,1586995541,1.24,23.62,75.2,1.61,75,75.2
449,Bathsheba,40,BB,1586995546,13.22,-59.52,80.6,14.99,69,80.6
450,Batemans Bay,100,AU,1586995410,-35.72,150.18,69.03,1.01,58,75.0
451,Qorveh,0,IR,1586995507,35.17,47.8,44.04,4.54,29,44.04
452,Saurimo,100,AO,1586995546,-9.66,20.39,68.05,3.27,70,68.05
453,Ulaangom,98,MN,1586995382,49.98,92.07,30.34,0.83,69,30.34
454,Knysna,85,ZA,1586995547,-34.04,23.05,59.0,2.24,77,59.0
455,Muroto-misakicho,40,JP,1586995547,33.28,134.15,59.0,4.7,47,59.0
456,Mamakan,0,RU,1586995547,57.82,114.0,39.87,2.51,62,39.87
457,Kroya,37,ID,1586995547,-7.63,109.25,80.28,2.04,82,80.28
458,Natal,75,BR,1586995374,-5.79,-35.21,77.94,5.82,88,78.8
459,Itarema,100,BR,1586995371,-2.92,-39.92,77.43,3.91,84,77.43
460,Dunedin,32,NZ,1586995698,-45.87,170.5,55.99,17.0,61,55.99
461,Muros,40,ES,1586995698,42.78,-9.06,53.29,6.93,93,57.99
462,Kupino,19,RU,1586995699,54.37,77.3,37.49,8.46,84,37.49
463,Padang,64,ID,1586995562,-0.95,100.35,78.8,4.9,77,78.8
464,Uyovu,61,TZ,1586995699,-3.28,31.53,64.85,1.5,66,64.85
465,Rundu,27,NA,1586995699,-17.93,19.77,69.8,1.12,83,69.8
466,Kloulklubed,75,PW,1586995363,7.04,134.26,80.6,6.93,83,80.6
467,Gornoye Loo,90,RU,1586995817,43.71,39.6,50.0,4.47,93,50.0
468,Panabá,93,MX,1586995817,21.28,-88.27,82.08,7.02,66,82.08
469,Karratha,79,AU,1586995817,-20.74,116.85,84.06,8.88,59,84.06
470,Harper,100,LR,1586995818,4.38,-7.72,80.98,3.13,82,80.98
471,Kudahuvadhoo,83,MV,1586995337,2.67,72.89,84.63,2.21,66,84.63
472,La Reforma,40,MX,1586995818,25.08,-108.05,83.16,11.41,33,86.0
473,Alice Town,80,BS,1586995818,25.72,-79.3,80.76,14.16,82,80.76
474,Mwinilunga,98,ZM,1586995818,-11.74,24.43,62.89,2.82,65,62.89
475,Ossora,100,RU,1586995818,59.24,163.07,29.41,4.56,97,29.41
476,Dongsheng,0,CN,1586995889,39.82,109.98,38.46,23.33,38,38.46
477,Mugumu,100,TZ,1586995889,-1.85,34.7,60.26,3.69,63,60.26
478,Jaru,32,BR,1586995890,-10.44,-62.47,73.54,3.87,92,73.54
479,Paraná,0,AR,1586995890,-31.73,-60.52,64.99,1.99,55,66.0
480,Muhafazat Lahij,73,YE,1586995890,13.17,44.58,77.56,4.9,67,77.56
481,Kapit,88,MY,1586995875,2.02,112.93,79.57,1.28,83,79.57
482,Muyezerskiy,5,RU,1586995891,63.93,31.65,27.54,1.79,96,27.54
483,Santa Fe,0,AR,1586995891,-31.63,-60.7,64.99,6.13,58,66.0
484,Vikindu,95,TZ,1586995891,-7.01,39.3,76.71,7.74,90,76.71
485,Panama City,20,PA,1586995687,8.99,-79.52,82.11,4.7,78,84.0
486,Ternate,46,ID,1586995903,0.8,127.4,84.36,1.86,67,84.36
487,Touros,20,BR,1586995919,-5.2,-35.46,77.0,2.24,94,77.0
488,İskilip,98,TR,1586995919,40.74,34.47,45.77,5.19,65,45.77
489,Turaif,40,SA,1586995919,31.67,38.66,60.8,9.17,51,60.8
490,Pouembout,2,NC,1586995919,-21.13,164.9,81.09,9.13,66,81.09
491,Amalāpuram,0,IN,1586995628,16.58,82.02,76.5,2.21,88,76.5
492,San Rafael,100,AR,1586995920,-34.62,-68.33,69.04,11.1,29,69.04
493,Lahaina,40,US,1586995742,20.88,-156.68,77.38,14.99,65,82.4
494,Tshela,100,CD,1586995920,-4.98,12.93,76.73,1.57,92,76.73
495,Obzor,1,BG,1586995920,42.82,27.88,39.56,3.36,62,41.0
496,Midland,1,US,1586995695,32.0,-102.08,69.76,14.99,32,70.0
497,Sabzawār,0,IR,1586995845,36.21,57.68,52.27,2.77,45,52.27
498,Rio Pomba,75,BR,1586996014,-21.27,-43.18,68.0,2.24,88,68.0
499,Aracati,75,BR,1586996014,-4.56,-37.77,79.16,5.95,82,79.16
500,Taiyuan,3,CN,1586996014,37.87,112.56,53.6,8.95,14,53.6
501,Puerto Peñasco,0,MX,1586996036,31.32,-113.53,73.99,5.99,54,73.99
502,Odienné,73,CI,1586996067,9.51,-7.57,81.03,1.7,48,81.03
503,Yangjiang,88,CN,1586996067,21.85,111.97,69.26,3.0,82,69.26
504,Youghal,20,IE,1586996068,51.95,-7.85,45.63,10.29,65,46.0
505,Suzhou,54,CN,1586996068,31.31,120.62,66.51,8.95,55,66.99
506,Bol,0,TD,1586996069,13.46,14.71,82.76,16.93,18,82.76
507,Toksovo,75,RU,1586996069,60.15,30.52,30.47,4.47,98,32.0
508,Camocim,83,BR,1586996069,-2.9,-40.84,76.69,0.65,87,76.69
509,Puerto Madryn,97,AR,1586995931,-42.77,-65.04,65.44,13.22,48,65.44
510,Aginskoye,82,RU,1586996070,51.1,114.53,44.49,4.72,41,44.49
511,Sechura,18,PE,1586996160,-5.56,-80.82,75.97,15.82,69,75.97
512,Kirksville,20,US,1586996226,40.19,-92.58,44.83,5.82,33,46.4
513,Port Lincoln,21,AU,1586996240,-34.73,135.87,63.57,16.71,66,63.57
514,Los Alamos,1,US,1586996023,35.89,-106.31,54.43,10.29,16,57.2
515,Korla,100,CN,1586996241,41.76,86.15,61.48,9.64,29,61.48
516,Salalah,40,OM,1586996113,17.02,54.09,82.4,4.7,74,82.4
517,Zadar,63,HR,1586996241,44.12,15.24,38.95,2.24,93,46.0
518,Senica,0,SK,1586996241,48.68,17.37,37.96,4.7,67,44.01
519,North Bend,90,US,1586996138,43.41,-124.22,53.35,14.99,87,57.99
520,Németkér,0,HU,1586996241,46.72,18.76,41.22,7.05,62,41.22
521,Chifeng,100,CN,1586996242,42.27,118.96,47.61,10.63,49,47.61
522,Linxia Chengguanzhen,5,CN,1586996242,35.6,103.21,49.95,1.81,22,49.95
